MOD NAME,PAGE LINK,NEXUS DOWNLOAD LINK,VERSION,COMMENT
USE MOD ORGANIZER 2,https://www.nexusmods.com/morrowind/mods/52345,"IGNORE ""NEXUS DOWNLOAD LINK"", this category exists in case the mod gets taken down. Most of the links are for outdated versions of the mods.","IGNORE ""VERSIONS"". This only shows which version of the mod is linked in ""NEXUS DOWNLOAD LINK""","Easier conflict resolution, FOMOD installers, exporting everything straight to openmw.cfg thanks to https://www.nexusmods.com/morrowind/mods/52345 Once your modlist is set up, do not launch the game through MO2 - MO2 is only for managing your modlist. Instead, launch the game using openmw.exe"
,https://openmw.org/downloads/,,,"When installed, Lua mods and .omwaddon files will appear greyed out in Mod Organizer 2. However, as long as you set the data directory to the location containing the .omwscript or .omwaddon files, they are installed correctly."
OpenMW (0.49 Dev Build),https://openmw.org/downloads/,,,"Download under ""Development Builds."" This list serves solely as documentation of my loadout. I do not provide any support or assistance with modlist installation. I bear no responsibility in case of any issues."
Vanilla Textures Normal Mapped,https://www.nexusmods.com/morrowind/mods/52567,,,
BUG FIXES / PATCHES,,,,
Official Plugins - Unofficial Patch,https://www.nexusmods.com/morrowind/mods/43931,https://www.nexusmods.com/morrowind/mods/43931?tab=files&file_id=1000030287,3.2.0,"Individual. Delete bcsounds.esp, maser_inex.esp"
Expansion Delay,https://www.nexusmods.com/morrowind/mods/47588,https://www.nexusmods.com/morrowind/mods/47588?tab=files&file_id=1000022864,1.3,"Load before Patch for Purist, Version 1.3"
Patch for Purists,https://www.nexusmods.com/morrowind/mods/45096,https://www.nexusmods.com/morrowind/mods/45096?tab=files&file_id=1000019704,4.0.2,
Buoyant Lord Vivec,https://www.nexusmods.com/morrowind/mods/48312,https://www.nexusmods.com/morrowind/mods/48312?tab=files&file_id=1000019198,1,Version 1
No More Stage Diving,https://www.nexusmods.com/morrowind/mods/47738,https://www.nexusmods.com/morrowind/mods/47738?tab=files&file_id=1000017973,1.1,
Portable Homes OpenMW,https://www.nexusmods.com/morrowind/mods/47969,https://www.nexusmods.com/morrowind/mods/47969?tab=files&file_id=1000018401,1.0,Yurt Crafting version
Same Low Price Fix,https://www.nexusmods.com/morrowind/mods/49671,https://www.nexusmods.com/morrowind/mods/49671?tab=files&file_id=1000024354,1.0,
Tel Fyr Amulet Fix,https://www.nexusmods.com/morrowind/mods/45209,https://www.nexusmods.com/morrowind/mods/45209?tab=files&file_id=1000008592,1.0,
Pikas Miscellaneous Mods,https://www.nexusmods.com/morrowind/mods/46364,,,"Better Propylon Index Mesh, Better Propylon Teleport Script, Better Siege at Firemoth Followers, Fixed Adamantium Armor Meshes, Script Fixes"
ASSETS,,,,
OAAB_Data,https://www.nexusmods.com/morrowind/mods/49042,,,
OAAB Data (HD),https://www.nexusmods.com/morrowind/mods/49042,,,
OAAB Data Normal Mapped,https://www.nexusmods.com/morrowind/mods/52567,,,
An Addendum to Tamrielic Lore Data,https://www.nexusmods.com/morrowind/mods/50647,,,
AATL Data - An Addendum to Tamrielic Lore Data Normal Mapped,https://www.nexusmods.com/morrowind/mods/52567,,,
Tamriel Data (HD),https://www.nexusmods.com/morrowind/mods/44537,,,
Tamriel_Data Normal Mapped,https://www.nexusmods.com/morrowind/mods/52567,,,
Tamriel Data Graveyeard,https://www.nexusmods.com/morrowind/mods/52000,,,
DIALOGUE,,,,
FMI - NotAllDunmer,https://www.nexusmods.com/morrowind/mods/47569?tab=description,https://www.nexusmods.com/morrowind/mods/47569?tab=files&file_id=1000017154,1.0,
So. You're the Nerevarine.,https://www.nexusmods.com/morrowind/mods/46896,https://www.nexusmods.com/morrowind/mods/46896?tab=files&file_id=1000014892,1.5,
LDM - Context Matters,https://www.nexusmods.com/morrowind/mods/48273,https://www.nexusmods.com/morrowind/mods/45191?tab=files&file_id=1000010269,1.5,
Free The Slaves,https://www.nexusmods.com/morrowind/mods/45191,https://www.nexusmods.com/morrowind/mods/45191?tab=files&file_id=10000102699,2.0,
FMI - Service Refusal and Contraband,https://www.nexusmods.com/morrowind/mods/47456,https://www.nexusmods.com/morrowind/mods/47456?tab=files&file_id=1000020456,1.9.3,
Greetings for No Lore,https://www.nexusmods.com/morrowind/mods/46063,https://www.nexusmods.com/morrowind/mods/46063?tab=files&file_id=1000016661,2.0,
Great Service,https://www.nexusmods.com/morrowind/mods/47767,https://www.nexusmods.com/morrowind/mods/47767?tab=files&file_id=1000019303,1.11,
Silent Assassins,https://www.nexusmods.com/morrowind/mods/44371,https://www.nexusmods.com/morrowind/mods/44371?tab=files&file_id=1000005975,1.0,
Tunnel Cough,https://www.nexusmods.com/morrowind/mods/47603,https://www.nexusmods.com/morrowind/mods/47603?tab=files&file_id=1000017235,1.0,
FMI - Current Councilors,https://www.nexusmods.com/morrowind/mods/47342,https://www.nexusmods.com/morrowind/mods/47342?tab=files&file_id=1000016398,1.0,
Oath to Saint Roris Instead,https://www.nexusmods.com/morrowind/mods/47339/,https://www.nexusmods.com/morrowind/mods/47339?tab=files&file_id=1000027197,1.2,
Raym's Vampire Rumors,https://www.nexusmods.com/morrowind/mods/48469,https://www.nexusmods.com/morrowind/mods/48469?tab=files&file_id=1000019597,1.2,
Djangos Dialogue,https://www.nexusmods.com/morrowind/mods/47253,https://www.nexusmods.com/morrowind/mods/47253?tab=files&file_id=1000019280,1.42,Patch for Purists Patch https://www.nexusmods.com/morrowind/mods/48955?tab=files
Almalexia Voice Addon ElevenAI Edition,https://www.nexusmods.com/morrowind/mods/52311,,,
Barilzar Voice,https://www.nexusmods.com/morrowind/mods/31655,https://www.nexusmods.com/morrowind/mods/31655?tab=files&file_id=60549,-,
Dagoth Gares Voice,https://www.nexusmods.com/morrowind/mods/593,https://www.nexusmods.com/morrowind/mods/593?tab=files&file_id=16318,-,
Dagoth Ur Voice,https://www.nexusmods.com/morrowind/mods/592,https://www.nexusmods.com/morrowind/mods/592?tab=files&file_id=14349,-,"Fix: DYI Recipies section https://www.nexusmods.com/morrowind/mods/48955? , Beware the Sixth House must overwrite this"
OpenMW Lua helper utility,https://www.nexusmods.com/morrowind/mods/54629,,,
Lua helper Patch for Purists,https://www.nexusmods.com/morrowind/mods/54629,,,Lua helper Dialogue ESP for Patch for Purists
Lua helper Tamriel Rebuilt,https://www.nexusmods.com/morrowind/mods/54629,,,Lua helper Dialogue ESP for Tamriel Rebuilt
Kezyma's Voices of Vvardenfell,https://www.nexusmods.com/morrowind/mods/52279,,,
Voices of Vvardenfell Unofficial Addon - Vivec,https://www.nexusmods.com/morrowind/mods/52333,,,
OpenMW Voices of Vvardenfell patch,https://www.nexusmods.com/morrowind/mods/54137,,,
Voiced Vivec and Yakety Yagrum,https://www.nexusmods.com/morrowind/mods/40994,https://www.nexusmods.com/morrowind/mods/40994?tab=files&file_id=87097,1.1,Remove Vivec.esp
Voice Overhaul,https://www.nexusmods.com/morrowind/mods/51215,https://www.nexusmods.com/morrowind/mods/51215?tab=files&file_id=1000032374,0.13,
Dual Faction Membership for NPCs,https://www.nexusmods.com/morrowind/mods/49885,,,
Quest Voice Greetings,https://www.nexusmods.com/morrowind/mods/52273,,,Quest Voice Greetings - Census Exercised version
Gares Last Gasp - New Ilunibi version,https://www.nexusmods.com/morrowind/mods/53926,,,New Ilunibi version
Idle Talk,https://www.nexusmods.com/morrowind/mods/46948,,,
Ultimate Creeper Party House,https://www.nexusmods.com/morrowind/mods/53641,,,
Nordic Banter,https://www.nexusmods.com/morrowind/mods/53715,,,
Sermons and Preachers Vanilla edit,https://www.nexusmods.com/morrowind/mods/53294,,,
Immersive Morrowind,https://www.nexusmods.com/morrowind/mods/54513,,,
Friends Reunited,https://www.nexusmods.com/morrowind/mods/53601,,,
BALANCE,,,,
Wares Ultimate,https://www.nexusmods.com/morrowind/mods/52013,,,"Wares_lists_OAAB, Wares_lists_TD, Wares_MOAR, Wares_traders, Wares-base. Disable Wares_MOAR.ESP before using delta-plugin, enable it once the merging process is complete"
Friends and Foes,https://www.nexusmods.com/morrowind/mods/49251,,,"Friends_and_Foes_base.esm, F&F_Vvardenfell.ESP, F&F_Mainland.ESP"
Morrowind Anti-Cheese,https://www.nexusmods.com/morrowind/mods/47305,,,
Protective Guards (OpenMW),https://www.nexusmods.com/morrowind/mods/46992,https://www.nexusmods.com/morrowind/mods/46992?tab=files&file_id=1000033076,0.17,
Coherent Guards Reaction (OpenMW) [Alt. Price Balance Version],https://www.nexusmods.com/morrowind/mods/52426,,,Alt. Price Balance Version
Protective Guards - Factions and NPCs Protections (OpenMW),https://www.nexusmods.com/morrowind/mods/54858,,,
NCGDMW Lua Edition,https://modding-openmw.gitlab.io/ncgdmw-lua/,,,Natural Character Growth and Decay
Better Moon and Star,https://www.nexusmods.com/morrowind/mods/45629,https://www.nexusmods.com/morrowind/mods/45629?tab=files&file_id=1000010137,Final,
Attend Me,https://www.nexusmods.com/morrowind/mods/51232,https://www.nexusmods.com/morrowind/mods/51232?tab=files&file_id=1000034092,1.8,"Version 1.8 of the mod doesn't show up in the ""Scripts"" menu, replace the mod with this https://www.dropbox.com/scl/fi/48mjo3zlxk1qhkng8ldap/attend-me-0.49.7z?rlkey=kygw3eewfwqi547i6892do789&st=c9bqvfkp&dl=0 It might be fixed in the future updates"
Rapport - OpenMW Companions,https://www.nexusmods.com/morrowind/mods/54132,,,
Infinite Skeleton Key,https://www.nexusmods.com/morrowind/mods/45682,https://www.nexusmods.com/morrowind/mods/45682?tab=files&file_id=1000010259,1,
Better Balanced Booze,https://www.nexusmods.com/morrowind/mods/45844,https://www.nexusmods.com/morrowind/mods/45844?tab=files&file_id=1000010972,1.0,
Rarer Scrap Metal,https://www.nexusmods.com/morrowind/mods/47068,https://www.nexusmods.com/morrowind/mods/47068?tab=files&file_id=1000017437,1.1,
Vanilla friendly creatures and undeads expansion,https://www.nexusmods.com/morrowind/mods/48818,,,
Vanilla Friendly Creatures and Undeads Expansion Normal Mapped,https://www.nexusmods.com/morrowind/mods/52567,,,
MDMD - More Deadly Morrowind Denizens,https://www.nexusmods.com/morrowind/mods/48745,https://www.nexusmods.com/morrowind/mods/48745?tab=files&file_id=1000026670,1.0.5,
Early Transport to Mournhold,https://www.nexusmods.com/morrowind/mods/47985,https://www.nexusmods.com/morrowind/mods/47985?tab=files&file_id=1000026804,1.2.1,Guards in Ebonheart will tell you (rumor) that Asciene Rane can transport you to Mournhold
Real Disposition,https://www.nexusmods.com/morrowind/mods/51427,https://www.nexusmods.com/morrowind/mods/51427?tab=files&file_id=1000033947,1,PR Real Disposition Base
Price Balance,https://www.nexusmods.com/morrowind/mods/45529,,,
Economy Fixes v1.0 - Item List Only,https://web.archive.org/web/20161103134548/http://mw.modhistory.com/download-90-578,,,Item List Only
Beware the Sixth House,https://www.nexusmods.com/morrowind/mods/46036,https://www.nexusmods.com/morrowind/mods/46036?tab=files&file_id=1000033869,3.0.2,
NPC Faction Affiliation Corrector,https://www.nexusmods.com/morrowind/mods/47743,https://www.nexusmods.com/morrowind/mods/47743?tab=files&file_id=1000027180,,Minimalistic
Hortator,https://www.nexusmods.com/morrowind/mods/46856,https://www.nexusmods.com/morrowind/mods/46856?tab=files&file_id=1000027211,1.1,
Zack's Lua Multimark (OpenMW),https://www.nexusmods.com/morrowind/mods/53260,,,
Quick Spell Casting (OpenMW),https://www.nexusmods.com/morrowind/mods/52130/,https://www.nexusmods.com/morrowind/mods/52130?tab=files&file_id=1000034459,0.1,
Faction Service,https://www.nexusmods.com/morrowind/mods/45196,https://www.nexusmods.com/morrowind/mods/45196?tab=files&file_id=1000011051,1.3,
Projectile Overhaul - Modular,https://www.nexusmods.com/morrowind/mods/43195,https://www.nexusmods.com/morrowind/mods/43195?tab=files&file_id=1000002690,1.11,Faster magic missles and projectiles
Mass Cure,https://www.nexusmods.com/morrowind/mods/49615,,,
Hircine's Artifacts,https://www.nexusmods.com/morrowind/mods/47671,https://www.nexusmods.com/morrowind/mods/47671?tab=files&file_id=1000017429,1.2,
No Witness - No Bounty,https://www.nexusmods.com/morrowind/mods/53384,,,
Devilish Vampire Overhaul (Total Overhaul Edition),https://www.nexusmods.com/morrowind/mods/52969,,,
Devilish Guar Riding (OpenMW),https://www.nexusmods.com/morrowind/mods/55516,,,
Devilish Horse Riding (OpenMW),https://www.nexusmods.com/morrowind/mods/55479,,,
Another Pickpocketing Fix,https://www.nexusmods.com/morrowind/mods/52422,,,
Creatures Open Doors,https://www.nexusmods.com/morrowind/mods/54567,,,
Thief Experience Overhaul,https://web.archive.org/web/20161103135717/http://mw.modhistory.com/download-37-7250,,,"Improved Lockpicking.esp, Improved Open Spell Balance-LD.esp, Improved Trap Settings (Tribunal).esp"
Solthas Sneak Attack Buff (OpenMW),https://www.nexusmods.com/morrowind/mods/52352,,,
TakeCover (OpenMW),https://www.nexusmods.com/morrowind/mods/54976,,,
No Sneaky Sleeping (OpenMW),https://www.nexusmods.com/morrowind/mods/53539,,,
NPCs and Creatures Rest (OpenMW),https://www.nexusmods.com/morrowind/mods/55420,,,
Pharis’ Magicka Regeneration (OpenMW),https://modding-openmw.gitlab.io/pharis-magicka-regeneration/,,,
Comprehensive Rebalance (OpenMW),https://www.nexusmods.com/morrowind/mods/53663,,,"Disable everything except: No Backwards Running, Drawbacks to Shields -5 to all weapon skills, Restrictive Armour"
Bound Balanc (OpenMW),https://modding-openmw.gitlab.io/bound-balance/,,,
Redoran Patrols - Gnisis,https://www.nexusmods.com/morrowind/mods/49484,,,
Hidden Sea Loot,https://www.nexusmods.com/morrowind/mods/52296,,,
Bad Default Spells - Disable Useless Spells for NPCs,https://www.nexusmods.com/morrowind/mods/45674,,,Miscellaneous files
Actors Can Get Out Water (OpenMW),https://www.nexusmods.com/morrowind/mods/55187,,,
Command Spells Are Illusion & Turn Undead Is Restoration,https://www.dropbox.com/scl/fi/m4mpv0y3a19hpg03xcrna/CommandSpellsAreIllusionTurnUndeadIsRestoration.7z?rlkey=v1dv3o7whlupev8ocmhr4l7fo&st=kb0nh2ig&dl=0,,,
Fatigue and Speed and Carryweight Rebalance (OpenMW) [Less Carry Weight],https://www.nexusmods.com/morrowind/mods/52981,,,Less Carry Weight
SURVIVAL MODS,,,,
Simple Sleeping,https://www.mediafire.com/file/g9yn63mz0y0qquv/Simple_Sleeping.7z/file,https://www.dropbox.com/scl/fi/232gu8bu2zasmzhwaevki/Simple-Sleeping.7z?rlkey=pujra23cnwjvvwuvybmwbzoa9&st=eo1u1rhh&dl=0,-,"Adds a portable bedroll you can buy at Seyda Neen. Sleeping anywhere for 6 or more hours grants you ""Well Rested"" buff.(30 stamina for 12 hours)."
Cooking and Eating,https://www.nexusmods.com/morrowind/mods/46507,https://www.nexusmods.com/morrowind/mods/46507?tab=files&file_id=1000019475,1.6,
Cooking and Eating - Enable Hunger,https://www.dropbox.com/scl/fi/vwd8w0xqx1u201jqe7fr8/Cooking-and-Eating-Enable-Hunger.7z?rlkey=b18ex51ycjzdm3nqnvdqocyg1&st=tay3ku2m&dl=0,,,"or just type ""Set EnableHunger to 1"" once in the console at the start of the playthrough"
Cooking and Eating Cooking and Eating - Publicans Expansion,https://www.nexusmods.com/morrowind/mods/48955,https://www.nexusmods.com/morrowind/mods/48955?tab=files&file_id=1000033962,1.3.0,Food in Shops TR PT
Water and Thirst,https://www.nexusmods.com/morrowind/mods/46509,https://www.nexusmods.com/morrowind/mods/46509?tab=files&file_id=1000016407,1.2,"Overrides Djangos Dialogue ""services"" topic, load it before this mod and add ""water"" topic manually"
Fish with Fishing Poles,https://www.nexusmods.com/morrowind/mods/47230,https://www.nexusmods.com/morrowind/mods/47230?tab=files&file_id=1000016089,2.0,
Yurt Crafting,https://www.nexusmods.com/morrowind/mods/47356,https://www.nexusmods.com/morrowind/mods/47356?tab=files&file_id=1000016438,1.0,Alternative: https://www.nexusmods.com/morrowind/mods/45035
QUALITY OF LIFE / IMMERSIVE,,,,
QuickLoot (OpenMW),https://www.nexusmods.com/morrowind/mods/54950,,,
Containers Animated OpenMW,https://www.nexusmods.com/morrowind/mods/46232,https://www.nexusmods.com/morrowind/mods/46232?tab=files&file_id=1000016287,1.2.2,
Quick Action (OpenMW),https://www.nexusmods.com/morrowind/mods/54969,,,
Updated Pluginless No Glow,https://www.nexusmods.com/morrowind/mods/45943,https://www.nexusmods.com/morrowind/mods/45943?tab=files&file_id=1000011423,1.0," ""Didnt even have  a texture folder. just made a folder named ""Textures"", added ""magicitem"" in that and it works perfect."""
Dot Crosshair Recolored,https://www.nexusmods.com/morrowind/mods/55527,,,
Enough Does Not Have Enough,https://www.nexusmods.com/morrowind/mods/54176,,,
Descriptive Shrines,https://www.nexusmods.com/morrowind/mods/46119,https://www.nexusmods.com/morrowind/mods/46119?tab=files&file_id=1000012375,1.12,
Stackable Ash Statues,https://www.nexusmods.com/morrowind/mods/53628,,,
Smart Ammo (OpenMW),https://modding-openmw.gitlab.io/smart-ammo/,https://www.nexusmods.com/morrowind/mods/51274?tab=files&file_id=1000031879,1.1,"New, It will remember and prefer last hand-picked ammo if pressing Alt while equipping it."
TimeScale Change - OpenMW,https://www.nexusmods.com/morrowind/mods/46332,https://www.nexusmods.com/morrowind/mods/46332?tab=files&file_id=1000013194,1.0,I use 10 https://www.dropbox.com/scl/fi/444qh1tq6hed7ywdi2vl2/TimescaleChange10.7z?rlkey=e8e2r6ys8pzbuva3n7ptm3jct&st=6q6gl9x2&dl=0
Illustrated ABC's for Barbarians,https://www.nexusmods.com/morrowind/mods/49310,https://www.nexusmods.com/morrowind/mods/49310?tab=files&file_id=1000022986,1.0.3,
Comrade Raven's Book Arts Replacer,https://www.nexusmods.com/morrowind/mods/48896,https://www.nexusmods.com/morrowind/mods/48896?tab=files&file_id=1000021136,1.0,
FMI - Sane Ordinators,https://www.nexusmods.com/morrowind/mods/47381,,,
Religions Elaborated,https://www.nexusmods.com/morrowind/mods/47843,https://www.nexusmods.com/morrowind/mods/47843?tab=files&file_id=1000032178,1.06,Disallows being in Tribunal Temple and Imperial Cult at the same time.
Offerings and Blessings - Daedric Statues,https://www.nexusmods.com/morrowind/mods/49697,https://www.nexusmods.com/morrowind/mods/49697?tab=files&file_id=1000024434,1.0.210507,
Clear Your Name,https://www.nexusmods.com/morrowind/mods/43786,https://www.nexusmods.com/morrowind/mods/43786?tab=files&file_id=1000024988,1.3,Carolus Allectus at Fort Moonmoth
Dwemer Lighting Rods,https://www.nexusmods.com/morrowind/mods/50236,https://www.nexusmods.com/morrowind/mods/50236?tab=files&file_id=1000026759,1.0.0,
Saprius Disguised,https://www.nexusmods.com/morrowind/mods/50377,https://www.nexusmods.com/morrowind/mods/50377?tab=files&file_id=1000027660,1.0,
Better Bars (OpenMW),https://www.nexusmods.com/morrowind/mods/54951,,,If you want a sneak indicator that matches Dot Crosshar Recolored replace a file located in textures folder with this one: https://www.dropbox.com/scl/fi/njzmcbio35xand0mjrifw/myUI_sneak.dds?rlkey=1ki3zknmjyoxv18wrtkv58cqu&st=zasqnswz&dl=0
Ashlander Traders Remastered - BCOM and Wares Version,https://www.nexusmods.com/morrowind/mods/48009,,,
abotBoats,https://www.nexusmods.com/morrowind/mods/42270,,,
abotBoatsFirewatchPatchTR2310,https://www.nexusmods.com/morrowind/mods/42270,,,
Abot Boats OpenMW patch,https://www.nexusmods.com/morrowind/mods/55378,,,
Replacement ships for Abot's Boats,https://www.nexusmods.com/morrowind/mods/51560,,,
Light Hotkey - OpenMW Lua,https://modding-openmw.gitlab.io/light-hotkey/,,,
Corprus Natives,https://www.nexusmods.com/morrowind/mods/45674,,,
M'Aiq on the Mainland,https://www.nexusmods.com/morrowind/mods/45674,,,
Riders,https://www.nexusmods.com/morrowind/mods/46868?,https://www.nexusmods.com/morrowind/mods/46868?tab=files&file_id=1000034148,0.62,
Thirteen Telvanni - a Dunmeri Card Game,https://www.nexusmods.com/morrowind/mods/52081,https://www.nexusmods.com/morrowind/mods/52081?tab=files&file_id=1000034402,1.02,BCOM version + TR
Nine-holes,https://www.nexusmods.com/morrowind/mods/52093,https://www.nexusmods.com/morrowind/mods/52093?tab=files&file_id=1000034387,1.01,BCOM version + TR
Dartboards,https://www.nexusmods.com/morrowind/mods/47976,,,
Blades Informant,https://www.nexusmods.com/morrowind/mods/48084,https://www.nexusmods.com/morrowind/mods/48084?tab=files&file_id=1000027139,1.1,
Septim Gold and Dwemer Dumacs,https://www.nexusmods.com/morrowind/mods/1634,,,
Lovley Loading Screens,https://www.nexusmods.com/morrowind/mods/42313,https://www.nexusmods.com/morrowind/mods/42313?tab=files&file_id=90794,1.0,
Pacifist Options - When it Makes Sense,https://www.nexusmods.com/morrowind/mods/47961,https://www.nexusmods.com/morrowind/mods/47961?tab=files&file_id=1000027162,1.1,
Real Signposts,https://www.nexusmods.com/morrowind/mods/3879,https://www.nexusmods.com/morrowind/mods/3879?tab=files&file_id=3247,-,"WRYE MASH: Find the mod, On the right, will be the the Morrowind, Tribunal and Bloodmoon. Click on one of the right side lists, then click OK in the popup. Hit SAVE. Viola, problem solved."
Skooma Pipe,https://web.archive.org/web/20161103153420/http://download.fliggerty.com/file.php?id=1082,,-,"Smoke Moon sugar using Skooma pipe. You will be asked whether you wish to smoke the pipe or pick it up. Smoking Skooma pipe has similar effects as drinking Skooma, only longer but weaker."
Slof's Boethia's Pillow Book,https://www.nexusmods.com/morrowind/mods/46162,https://www.nexusmods.com/morrowind/mods/46162?tab=files&file_id=1000012565,1.0,"NSFW, Fixed replacement plugin: https://www.angelfire.com/rpg2/mad_weather/smallimp.htm"
The Sitting Mod,https://www.nexusmods.com/morrowind/mods/48782,https://www.nexusmods.com/morrowind/mods/48782?tab=files&file_id=1000021347,1.4.1,OpenMW compatible. Adds amulet on top of the barrel in Seyda Neen. Equipping it allows you to chose animations. Hotfix: https://www.nexusmods.com/morrowind/mods/48782?tab=files&file_id=1000021944
FMI - Caius Big Package,https://www.nexusmods.com/morrowind/mods/47580,https://www.nexusmods.com/morrowind/mods/47580?tab=files&file_id=1000017372,1.0,
Improved Thrown Weapon Projectiles,https://www.nexusmods.com/morrowind/mods/44763,https://www.nexusmods.com/morrowind/mods/44763?tab=files&file_id=1000007334,1.0,
Cave Drips,https://www.nexusmods.com/morrowind/mods/43488,https://www.nexusmods.com/morrowind/mods/43488?tab=files&file_id=1000005302,2001.1.1,
Big Icons,https://www.nexusmods.com/morrowind/mods/49662,https://www.nexusmods.com/morrowind/mods/49662?tab=files&file_id=1000025298,2001.1.2,
Traveling Merchants,https://mw.modhistory.com/download-90-15577,https://www.dropbox.com/scl/fi/fxh1t8brtbnp2t7fx6i79/Traveling-Merchants-v23.7z?rlkey=br4zc2tt4rq6h6l6ou8o9drzg&st=yaqmnl6v&dl=0,,
Traveling Merchants OpenMW BCOM ,https://www.nexusmods.com/morrowind/mods/50115,https://www.nexusmods.com/morrowind/mods/50115?tab=files&file_id=1000026275,,
Sheathe Your Weapon,https://www.nexusmods.com/morrowind/mods/53528,,,
House Shrines and Statues,https://www.nexusmods.com/morrowind/mods/52067,,,
Repopulated Waters - Rowing NPCs,https://www.nexusmods.com/morrowind/mods/53653,,,
Apartments of Morrowind,https://www.nexusmods.com/morrowind/mods/45580,,,
Yet Another Guard Diversity - Regular,https://www.nexusmods.com/morrowind/mods/45894,,,
Audiobooks of Morrowind,https://www.nexusmods.com/morrowind/mods/52458,,,
Audiobooks of Tamriel Rebuilt,https://www.nexusmods.com/morrowind/mods/54478,,,
OpenMW Skyrim Style Quest Notifications,https://www.nexusmods.com/morrowind/mods/54148,,,
Convenient Thief Tools (OpenMW),https://modding-openmw.gitlab.io/convenient-thief-tools/,,,
OpenMW Animated Pickup and Shop Around,https://www.nexusmods.com/morrowind/mods/54585,,,
Go home (OpenMW),https://modding-openmw.gitlab.io/go-home/,,,
OpenMW Dynamic Actors,https://www.nexusmods.com/morrowind/mods/54782,,,
Tabletop Alchemy (OpenMW),https://www.nexusmods.com/morrowind/mods/52891,,,
First Person View Dynamics (OpenMW),https://www.nexusmods.com/morrowind/mods/55327,,,
Buff Timers for OpenMW,https://www.nexusmods.com/morrowind/mods/55305,,,
SME - Useful Widgets - Actor Info - Health Bar - Hit Chance (OpenMW),https://www.nexusmods.com/morrowind/mods/53996,,,"Version 1.2.1 Causes lag with Graphic Herbalism, replace this file to fix it: https://www.dropbox.com/scl/fi/zd3lv31kampfvypqzzoxw/sme_widget.lua?rlkey=qcdsos84x4f6rw1k4qfv8jbqf&st=3euvjyfs&dl=0"
Perfect Placement OpenMW,https://www.nexusmods.com/morrowind/mods/46562,,,
Interface Reimagined for OpenMW,https://www.nexusmods.com/morrowind/mods/54985,,,
Quicktrain,https://www.nexusmods.com/morrowind/mods/53771,,,
HD Forge for OpenMW-Lua,https://modding-openmw.gitlab.io/hd-forge-for-openmw-lua/,,,
Most Wanted Nerevarine,https://www.nexusmods.com/morrowind/mods/53717,,,
OpenMW Impact Effects,https://www.nexusmods.com/morrowind/mods/55508,,,
Transmog Menu (OpenMW),https://modding-openmw.gitlab.io/s3ctors-s3cret-st4sh/transmog/,,,
ARMOR / CLOTHING,,,,
Better Morrowind Armor,https://www.nexusmods.com/morrowind/mods/42509,https://www.nexusmods.com/morrowind/mods/42509?tab=files&file_id=1000000539,0.5.2RC,Hi Rez Patch & Snow Armor Redux Patch
Daggerlad,https://www.nexusmods.com/morrowind/mods/49065,https://www.nexusmods.com/morrowind/mods/49065?tab=files&file_id=1000022949,1.1,
Daggerlad Upscaled 4x,https://www.nexusmods.com/morrowind/mods/53410,,,
Robe of the Drake's Pride,https://www.nexusmods.com/morrowind/mods/49417,https://www.nexusmods.com/morrowind/mods/49417?tab=files&file_id=1000023585,1.3,
Robe of the Drake's Pride - Recolored,https://www.nexusmods.com/morrowind/mods/49420,https://www.nexusmods.com/morrowind/mods/49420?tab=files&file_id=1000023418,2.0,
Telvanni Magister Robes,https://www.nexusmods.com/morrowind/mods/52278,,,
Telvanni Magister Robes Normal Mapped,https://www.nexusmods.com/morrowind/mods/52567,,,
Redoran War Armor and Sathil Mercenary Equipment,https://www.nexusmods.com/morrowind/mods/44038,,,
Sathil Mercenary and Redoran War Armor V3,https://www.nexusmods.com/morrowind/mods/53812,,,
Adventurer's Backpack - Wares,https://www.nexusmods.com/morrowind/mods/43213,,,
Indoril Ronin,https://www.nexusmods.com/morrowind/mods/50689,https://www.nexusmods.com/morrowind/mods/50689?tab=files&file_id=1000029276,1.00.2,
Netch Scout Helm,https://www.nexusmods.com/morrowind/mods/50636,https://www.nexusmods.com/morrowind/mods/50636?tab=files&file_id=1000029232,1.02.0,
Morag Tong Equipment Diversity,https://www.nexusmods.com/morrowind/mods/50738,https://www.nexusmods.com/morrowind/mods/50738?tab=files&file_id=1000029428,1.2,
Many Cloth Helms,https://www.nexusmods.com/morrowind/mods/49282,https://www.nexusmods.com/morrowind/mods/49282?tab=files&file_id=1000023828,1.1,
Mage Robes,https://www.nexusmods.com/morrowind/mods/45739,https://www.nexusmods.com/morrowind/mods/45739?tab=files&file_id=1000034058,2.2.0,
Mage Robes OpenmW Lua,https://modding-openmw.gitlab.io/mage-robes-for-openmw-lua/,,,
Concept Art Dunmer Helmets,https://www.nexusmods.com/morrowind/mods/52043,https://www.nexusmods.com/morrowind/mods/52043?tab=files&file_id=1000034118,1.01,
Dwemer Scrap Armor,https://www.nexusmods.com/morrowind/mods/47665,https://www.nexusmods.com/morrowind/mods/47665?tab=files&file_id=1000034153,2.0,
Heavy Chitin Armor,https://www.nexusmods.com/morrowind/mods/47684,https://www.nexusmods.com/morrowind/mods/47684?tab=files&file_id=1000027412,1.51,Wares Ultimate Patch: https://www.nexusmods.com/morrowind/mods/47684?tab=files&file_id=1000027025
Complete and Revised Dreugh Armor,https://www.nexusmods.com/morrowind/mods/49092,https://www.nexusmods.com/morrowind/mods/49092?tab=files&file_id=1000023211,1.2,
CaR Imperial Studded Leather Armor,https://www.nexusmods.com/morrowind/mods/49301,https://www.nexusmods.com/morrowind/mods/49301?tab=files&file_id=1000027436,1.5,
Concept Art Daedric Helmets,https://www.nexusmods.com/morrowind/mods/49534,https://www.nexusmods.com/morrowind/mods/49534?tab=files&file_id=1000023836,1.0,
Complete Duke's Guard Silver,https://www.nexusmods.com/morrowind/mods/50481,https://www.nexusmods.com/morrowind/mods/50481?tab=files&file_id=1000028113,1.01,
CaR Nordic Iron Armor,https://www.nexusmods.com/morrowind/mods/50166,https://www.nexusmods.com/morrowind/mods/50166?tab=files&file_id=1000026489,1.0,
Necromancer Robes,https://www.nexusmods.com/morrowind/mods/51775,https://www.nexusmods.com/morrowind/mods/51775?tab=files&file_id=1000033730,1.21,
Gold Armor Reforged,https://www.nexusmods.com/morrowind/mods/46372,https://www.nexusmods.com/morrowind/mods/46372?tab=files&file_id=1000017842,1.02,
Better Robes,https://www.nexusmods.com/morrowind/mods/42773,https://www.nexusmods.com/morrowind/mods/42773?tab=files&file_id=1000001779,0.3.1,
Better Robes - Tamriel Rebuilt Patch,https://www.nexusmods.com/morrowind/mods/44875,https://www.nexusmods.com/morrowind/mods/44875?tab=files&file_id=1000015821,1.1,Solved the problem with pink robe texture by changing texture path (in Nifscope) in the file tr_pb_robe_com_01.nif from textures\tr\c\tr_c_robe_com_05ufh.dds to textures\tr\c\tr_c_robe_com_05_uf.dds. 
Wovenhand - Blue and Green Common Robe Replacer,,,,GVLT discord server: https://discord.gg/RuNwcFwQsG
Redoran Exquisite Rob,https://www.nexusmods.com/morrowind/mods/54613,,,
Ebony Mail (Replacer),https://www.nexusmods.com/morrowind/mods/49648,,,
Daedric Lord Armor,https://www.nexusmods.com/morrowind/mods/44081,https://www.nexusmods.com/morrowind/mods/44081?tab=files&file_id=1000012484,1.03,
Daedric Lord Armor OpenMW Patch,https://www.nexusmods.com/morrowind/mods/45405,https://www.nexusmods.com/morrowind/mods/45405?tab=files&file_id=1000009316,,Face of God OpenMW Pluginless Patch: https://www.nexusmods.com/morrowind/mods/45405?tab=files&file_id=1000009317
Better Clothes Complete,https://www.nexusmods.com/morrowind/mods/47549,https://www.nexusmods.com/morrowind/mods/47549?tab=files&file_id=1000029209,-,
Better Clothes Normal Mapped,https://www.nexusmods.com/morrowind/mods/52567,,,
Better Clothesd Retextured,https://www.nexusmods.com/morrowind/mods/47851,https://www.nexusmods.com/morrowind/mods/47851?tab=files&file_id=1000019992,0.97,
Common Shoe Pack,https://www.nexusmods.com/morrowind/mods/46815,https://www.nexusmods.com/morrowind/mods/46815?tab=files&file_id=1000014651,1.00,
New Bloodworm Helm,https://www.nexusmods.com/morrowind/mods/22161/,https://www.nexusmods.com/morrowind/mods/22161?tab=files&file_id=1000002219,4.1,
New Fists of Randagulf,https://www.nexusmods.com/morrowind/mods/41307,https://www.nexusmods.com/morrowind/mods/41307?tab=files&file_id=1000002223,1.1,
New Boots of Blinding Speed,https://www.nexusmods.com/morrowind/mods/42042,https://www.nexusmods.com/morrowind/mods/42042?tab=files&file_id=1000002221,1.1,
New Lords Mail,https://www.nexusmods.com/morrowind/mods/42172,https://www.nexusmods.com/morrowind/mods/42172?tab=files&file_id=1000002224,1.2,
Pirate Outfit,https://www.nexusmods.com/morrowind/mods/38626,https://www.nexusmods.com/morrowind/mods/38626?tab=files&file_id=79954,-,Caldera
Lich Robe,https://www.nexusmods.com/morrowind/mods/44680,,,
New Gondoiler Helm,https://www.nexusmods.com/morrowind/mods/49602,,,
SM Travellers Clothing,https://www.nexusmods.com/morrowind/mods/50728,,,
SM Ashkhan's Armour Set (BB_RB Bodies),https://www.nexusmods.com/morrowind/mods/53015,,,
SM Dagoth Mask,https://www.nexusmods.com/morrowind/mods/49976,,,
SM Morag Tong Armor,https://www.nexusmods.com/morrowind/mods/50953,,,
SM Telvanni Ceremonial Robe,https://www.nexusmods.com/morrowind/mods/55346,,,
SM Boiled Netch Leather Armor Set (Custom Style),https://www.nexusmods.com/morrowind/mods/53780,,,
Hammerfell Ansei Warrior Armour,https://www.nexusmods.com/morrowind/mods/53822,,,
Netch adamantium armour integrated,https://www.nexusmods.com/morrowind/mods/49641,,,https://www.nexusmods.com/morrowind/mods/56161
RedoranMasterArmor - Gloved bracers,https://www.nexusmods.com/morrowind/mods/52603,,,
RR - Better Telvanni Cephalopod Armor,https://www.nexusmods.com/morrowind/mods/44837,,,
WEAPONS / ARTIFACTS,,,,
Unique Snowy Crown,https://www.nexusmods.com/morrowind/mods/46782,https://www.nexusmods.com/morrowind/mods/46782?tab=files&file_id=1000019458,1.1,
The Ebony Blade,https://www.nexusmods.com/morrowind/mods/47645,https://www.nexusmods.com/morrowind/mods/47645?tab=files&file_id=1000022657,1.1,
Crossbows Enhanced,https://www.nexusmods.com/morrowind/mods/48586,https://www.nexusmods.com/morrowind/mods/44487?tab=files&file_id=1000006598,2.02,Glass Xbow Glow Fix: https://www.nexusmods.com/morrowind/mods/48586?tab=files&file_id=1000031682
New Black Hands Dagger,https://www.nexusmods.com/morrowind/mods/42782,https://www.nexusmods.com/morrowind/mods/42782?tab=files&file_id=1000003735,1.1,
New Umbra,https://www.nexusmods.com/morrowind/mods/27355,https://www.nexusmods.com/morrowind/mods/27355?tab=files&file_id=1000002225,2.2,
New Veloths Judgement,https://www.nexusmods.com/morrowind/mods/28063,https://www.nexusmods.com/morrowind/mods/28063?tab=files&file_id=1000002226,2.0,
New Bow of Shadows,https://www.nexusmods.com/morrowind/mods/34418,https://www.nexusmods.com/morrowind/mods/34418?tab=files&file_id=1000002222,1.6,
New Widowmaker,https://www.nexusmods.com/morrowind/mods/42493,https://www.nexusmods.com/morrowind/mods/42493?tab=files&file_id=1000002220,1.0,
Skullcrusher Redone,https://www.nexusmods.com/morrowind/mods/47114,https://www.nexusmods.com/morrowind/mods/47114?tab=files&file_id=1000015582,1,Modern Sized - Colour Mimic
The Madstone,https://www.nexusmods.com/morrowind/mods/47653,https://www.nexusmods.com/morrowind/mods/47653?tab=files&file_id=1000017381,1.0,
Animated Staff of Magnus,https://www.nexusmods.com/morrowind/mods/51402,https://www.nexusmods.com/morrowind/mods/51402?tab=files&file_id=1000031224,1.1,Staff of Magnus
Magebane,https://www.nexusmods.com/morrowind/mods/48748,,,
SM Mace of Aevar Stone-Singer Replacer (OpenMW),https://www.nexusmods.com/morrowind/mods/50054,,,
SM Tools of Kagrenak,https://www.nexusmods.com/morrowind/mods/50034,,,
SOUNDS,,,,
Better Sounds,https://www.nexusmods.com/morrowind/mods/9967,https://www.nexusmods.com/morrowind/mods/9967?tab=files&file_id=8352,1.1,1.1 Update: https://www.nexusmods.com/morrowind/mods/9967?tab=files&file_id=19883
Better Sounds - Yet Another Patch,https://www.nexusmods.com/morrowind/mods/48955,https://www.nexusmods.com/morrowind/mods/48955?tab=files&file_id=1000033961,1.3.0,
Better Sounds - Fixed and Cleaned,https://www.nexusmods.com/morrowind/mods/46516,https://www.nexusmods.com/morrowind/mods/46516?tab=files&file_id=1000032409,1.4.2,
Thieves Step (Better Sounds),https://www.nexusmods.com/morrowind/mods/15671/,,,
Spell Sounds Enhanced,https://www.nexusmods.com/morrowind/mods/46338,https://www.nexusmods.com/morrowind/mods/46338?tab=files&file_id=1000032074,1.2,
Store Entrance Chimes,https://www.nexusmods.com/morrowind/mods/44586,https://www.nexusmods.com/morrowind/mods/44586?tab=files&file_id=1000009232,1.0Alt,
Maxar's Dynamic Footsteps (OpenMW),https://www.nexusmods.com/morrowind/mods/55364,,,"Check OpenMW Discord server for the fix ""Maxar Footsteps Fixed"" Alternative: https://gitlab.com/fallchildren/openmw-footsteps"
PLAYER / NPC MODELS,,,,
Better Bodies (Manual),https://www.nexusmods.com/morrowind/mods/3880,https://www.nexusmods.com/morrowind/mods/3880?tab=files&file_id=1000002608,2.2,TR patch: https://www.dropbox.com/scl/fi/z75v7fyh4nj7ttii6xava/Better_Robes_-_Updated_Updated_Tamriel_Rebuilt_Patch.zip?rlkey=n0jhjk6p1nmfmtc9u40mnijjb&st=c40w5hx0&dl=0  BB color tweak: https://www.dropbox.com/scl/fi/9cscw90bkzvekcxipfvxr/Color_Tweaked_Westlys_BB_Textures.7z?rlkey=xq4zrvve7o5am4i6l3vi8lcwl&st=mevn2v7m&dl=0
Khajiit Head Replacer,https://mw.modhistory.com/download-42-15171,https://www.nexusmods.com/morrowind/mods/43110?tab=files&file_id=1000002546,-,"Go to textures/ash/khajiit replace/m, make copies of the files “khj_m_01_g.dds” and “khj_m_05_g.dds”. Rename the copies to “khj_m_01g.dds” and “khj_m_05g.dds” Whiskers version"
Improved Argonians,https://www.nexusmods.com/morrowind/mods/45918,https://www.nexusmods.com/morrowind/mods/45918?tab=files&file_id=1000023560,1.5,Incompatible with Better Heads
Westly's Pluginless Head Replacer,https://www.nexusmods.com/morrowind/mods/50152,https://www.nexusmods.com/morrowind/mods/50152?tab=files&file_id=1000026442,1.0,
WPHP - Fix,https://www.nexusmods.com/morrowind/mods/47547,https://www.nexusmods.com/morrowind/mods/47547?tab=files&file_id=1000017470,1.1.2,
Weapon Sheathing,https://www.nexusmods.com/morrowind/mods/46069,https://www.nexusmods.com/morrowind/mods/46069?tab=files&file_id=1000015383,1.6,"[Game] section in the settings.cfg file: shield sheathing = true, weapon sheathing = true, use additional anim sources = true"
Weapon Sheathing - Staff and Spear Flip,https://www.nexusmods.com/morrowind/mods/49043,https://www.nexusmods.com/morrowind/mods/49043?tab=files&file_id=1000021769,1.0,OpenMW only
Weapon Sheathing Additions,https://www.nexusmods.com/morrowind/mods/49616,,,
Simply Walking (Remastered),https://www.nexusmods.com/morrowind/mods/49785,,,Simply Walking Weapon Sheathing Edition
MCAR,https://www.nexusmods.com/morrowind/mods/48628,https://www.nexusmods.com/morrowind/mods/48628?tab=files&file_id=1000031091,2000.1,"New spell casting animations, swim animation version"
ReAnimation v2 - Rogue - first-person animation pack,https://www.nexusmods.com/morrowind/mods/52596,,,
Mudcrab Merchant,https://www.nexusmods.com/morrowind/mods/42685,https://www.nexusmods.com/morrowind/mods/42685?tab=files&file_id=1000001023,1.1,Download fix for Apel Asura Coast and Sheogorath Region Retexture mod if needed
Divine Dagoths,https://www.nexusmods.com/morrowind/mods/45536,https://www.nexusmods.com/morrowind/mods/45536?tab=files&file_id=1000027500,2.11,
By Azura,https://www.nexusmods.com/morrowind/mods/50567,https://www.nexusmods.com/morrowind/mods/50567?tab=files&file_id=1000028586,0.9,Alternate robe version
Magic VFX Retexture,https://www.nexusmods.com/morrowind/mods/47702,https://www.nexusmods.com/morrowind/mods/47702?tab=files&file_id=1000019226,1.0,
Spells Reforged,https://www.nexusmods.com/morrowind/mods/52263,,,
Spells Reforged - Shields,https://www.nexusmods.com/morrowind/mods/50905,https://www.nexusmods.com/morrowind/mods/50905?tab=files&file_id=1000030960,1.01,
Amazing Atronachs Replacer,https://www.nexusmods.com/morrowind/mods/51617,https://www.nexusmods.com/morrowind/mods/51617?tab=files&file_id=1000032216,1.0,
Fancy Barenziah,https://www.nexusmods.com/morrowind/mods/49009,https://www.nexusmods.com/morrowind/mods/49009?tab=files&file_id=1000032791,2.1,Download optional fix if collar is causing problems
Preserving Fargoth,https://www.nexusmods.com/morrowind/mods/47257,https://www.nexusmods.com/morrowind/mods/47257?tab=files&file_id=1000016065,1.0,
Better Dwarven Spectres Mer and Maidens,https://www.nexusmods.com/morrowind/mods/45617,https://www.nexusmods.com/morrowind/mods/45617?tab=files&file_id=1000029242,2.01,
Westly's Unique Winged Twilight,http://www.fliggerty.com/phpBB3/viewtopic.php?f=129&t=5456,,-,
Better Almalexia,https://www.nexusmods.com/morrowind/mods/23388,,,
Playable Almalexia Outfit,https://www.nexusmods.com/morrowind/mods/47764,,,
Saucy old Selvil,https://www.nexusmods.com/morrowind/mods/53390,,,
QUEST MODS,,,,
Tamriel Rebuilt,https://www.nexusmods.com/morrowind/mods/42145,https://www.nexusmods.com/morrowind/mods/42145?tab=files&file_id=1000033800,22.11,"Version ""23.10-hotfix""1. Newest version adds Fort Firemoth quest and changes the location of the island. If you want to play with the newest version of Tamriel Rebuilt there might be problems with other mods on this list"
Project Cyrodiil,https://www.nexusmods.com/morrowind/mods/44922,https://www.nexusmods.com/morrowind/mods/44922?tab=files&file_id=1000034117,22.12,
Project Cyrodiil FPS Improver,https://www.nexusmods.com/morrowind/mods/52058,https://www.nexusmods.com/morrowind/mods/52058?tab=files&file_id=1000034147,1.0,
Skyrim Home of The Nords,https://www.nexusmods.com/morrowind/mods/44921,https://www.nexusmods.com/morrowind/mods/44921?tab=files&file_id=1000035024,23.02,
Wyrmhaven,https://www.nexusmods.com/morrowind/mods/42933,https://www.nexusmods.com/morrowind/mods/42933?tab=files&file_id=1000027594,3.0,
Wyrmhaven Normal Mapped,https://www.nexusmods.com/morrowind/mods/52567,,,
Rise of House Telvanni,https://www.nexusmods.com/morrowind/mods/27545,https://www.nexusmods.com/morrowind/mods/27545?tab=files&file_id=76890,1.5.2,Flask Mesh Fix: https://www.nexusmods.com/morrowind/mods/27545?tab=files&file_id=1000004842  UL v2_0 RoHT v1_52 Compatibility: https://www.nexusmods.com/morrowind/mods/27545?tab=files&file_id=76892
Rise of House Telvanni 2.0,https://www.nexusmods.com/morrowind/mods/48225,https://www.nexusmods.com/morrowind/mods/48225?tab=files&file_id=1000019995,2.0.8,
Uvirith's Legacy,https://www.nexusmods.com/morrowind/mods/53858,,3.53,Patches: UL_3.5_RoHT_1.52_Add-on
Uviriths Legacy Normal Mapped,https://www.nexusmods.com/morrowind/mods/52567,,,
Building Up Uvirith's Legacy,https://www.nexusmods.com/morrowind/mods/53865,,,
The Archmagister's Abode,https://www.nexusmods.com/morrowind/mods/53376,,,
A Strange Plant,https://www.nexusmods.com/morrowind/mods/42009,https://www.nexusmods.com/morrowind/mods/42009?tab=files&file_id=1000001031,2.1,
A Strange Plant Normal Mapped,https://www.nexusmods.com/morrowind/mods/52567,,,
Magical Missions Recharged,https://www.nexusmods.com/morrowind/mods/53636,,,
MagicalMissions Normal Mapped,https://www.nexusmods.com/morrowind/mods/52567,,,
Balmora Underworld,https://www.nexusmods.com/morrowind/mods/42448,https://www.nexusmods.com/morrowind/mods/42448?tab=files&file_id=1000000213,1.1,Install BCOM version instead
Balmora Underworld BCOM esp,https://www.dropbox.com/scl/fi/y5kc4k0a0yjtendh4pv7b/FLG-Balmora-s-Underworld-V1.1-bcom-patched-and-relocated.esp?rlkey=mugnrwz7yj3n32jk7l470grmu&st=7gll73xq&dl=0,,,
Balmora Underworld Nav Point Fix,https://modding-openmw.com/mods/balmora-underworld-nav-point-fix/,,-,
Sotha Sil Expanded,https://www.nexusmods.com/morrowind/mods/42347,https://www.nexusmods.com/morrowind/mods/42347?tab=files&file_id=1000002354,2.2,2.2 Patch: https://www.nexusmods.com/morrowind/mods/42347?tab=files&file_id=1000002930
Sotha Sil Expanded Retracted,https://www.nexusmods.com/morrowind/mods/45756,,,
Sotha Sil Expanded Normal Mapped,https://www.nexusmods.com/morrowind/mods/52567,,,
Morag Tong Polished,https://www.nexusmods.com/morrowind/mods/47041,https://www.nexusmods.com/morrowind/mods/47041?tab=files&file_id=1000032213,1.59,"Decentralized writs, new armor, weapons, dialogue, quests and bug fixes"
Morag Tong Polished - BCoM Patch,https://www.nexusmods.com/morrowind/mods/51194,,,
Morag Tong Polished TR Factions Patch,https://www.nexusmods.com/morrowind/mods/48955,https://www.nexusmods.com/morrowind/mods/48955?tab=files&file_id=1000029411,1.1,
Secrets of the Crystal City,https://www.nexusmods.com/morrowind/mods/51932,,,
Secrets of the Crystal City Normal Mapped,https://www.nexusmods.com/morrowind/mods/52567,,,
Investigation at Tel Eurus,https://www.nexusmods.com/morrowind/mods/51938,,,
Tel Eurus Normal Mapped,https://www.nexusmods.com/morrowind/mods/52567,,,
Astrologian's Guild,https://www.nexusmods.com/morrowind/mods/51216,,,
Astrologians Guild Normal Mapped,https://www.nexusmods.com/morrowind/mods/52567,,,
Quests for Clans and Vampire Legends,https://www.nexusmods.com/morrowind/mods/49486,,,
Quests for Clans and Vampire Legends - Patches,https://www.nexusmods.com/morrowind/mods/48955,,,
Plunder the Dungeon,https://www.nexusmods.com/morrowind/mods/46977,https://www.nexusmods.com/morrowind/mods/46977?tab=files&file_id=1000027133,1.3,
The Corprusarium experience,https://www.nexusmods.com/morrowind/mods/49738,,,
The Corpse and the Skooma Pipe Overhaul,https://www.nexusmods.com/morrowind/mods/46696,https://www.nexusmods.com/morrowind/mods/46696?tab=files&file_id=1000027212,1.1,
Thieves' Guild in Gnaar Mok,https://www.nexusmods.com/morrowind/mods/46754,,,
Dawnbreaker - The Lady of Light,https://www.nexusmods.com/morrowind/mods/52162,,,
Roaring Arena,https://www.nexusmods.com/morrowind/mods/50954,,,
Imperial Legion Expansion,https://www.nexusmods.com/morrowind/mods/44469,,,
Ebonheart Underworks,https://www.nexusmods.com/morrowind/mods/47272,,,
Guild of Vampire Hunters,https://www.nexusmods.com/morrowind/mods/45832,,,
Guild of Vampire Hunters - The Weary Vampire Patch,https://www.nexusmods.com/morrowind/mods/52172,,,
Collecting The Thirty-Six Lessons of Vivec,https://www.nexusmods.com/morrowind/mods/54257,,,
Favors of Dagon,https://www.nexusmods.com/morrowind/mods/54451,,,
The Abidi Pipe Emporium,https://www.nexusmods.com/morrowind/mods/54237,,,
Oh No Stolen Reports,https://www.nexusmods.com/morrowind/mods/53046,,,
Death of a Taxman Expanded,https://www.nexusmods.com/morrowind/mods/53303,,,
Quests In Balmora Waterworks,https://www.nexusmods.com/morrowind/mods/52758,,,
Master Index Redux,https://www.nexusmods.com/morrowind/mods/48977,,,
MESHES & TEXTURES,,,,
Mesh Fix,https://mw.modhistory.com/download-15-6088,https://www.nexusmods.com/morrowind/mods/42134?tab=files&file_id=90362,1.2,
Correct Meshes,https://www.nexusmods.com/morrowind/mods/39348,https://www.nexusmods.com/morrowind/mods/39348?tab=files&file_id=1000029129,4.5,
Dirnaes Beast Animations,https://www.nexusmods.com/morrowind/mods/42080,https://www.nexusmods.com/morrowind/mods/42080?tab=files&file_id=90270,1.0,
Correct UV Mudcrabs,https://www.nexusmods.com/morrowind/mods/42130,https://www.nexusmods.com/morrowind/mods/42130?tab=files&file_id=90353,1.0,
Correct UV Rocks,https://www.nexusmods.com/morrowind/mods/46104,https://www.nexusmods.com/morrowind/mods/46104?tab=files&file_id=1000017009,1.5,
Morrowind Optimization Patch,https://www.nexusmods.com/morrowind/mods/45384,https://www.nexusmods.com/morrowind/mods/45384?tab=files&file_id=1000033256,1.16.0b,MOP > GH > MOP GH Patch
Animated Spriggan's Heartwood,https://www.nexusmods.com/morrowind/mods/55386,,,
Animated Heart and Ectoplasm,https://www.nexusmods.com/morrowind/mods/55386,,,
Properly Smoothed Meshes,https://www.nexusmods.com/morrowind/mods/46747,,,
Project Atlas,https://www.nexusmods.com/morrowind/mods/45399,https://www.nexusmods.com/morrowind/mods/45399?tab=files&file_id=1000029284,0.7.1,
Atlas Textures AIO Normal Mapped,https://www.nexusmods.com/morrowind/mods/52567,,,
Graphical Herbalism OpenMW,https://www.nexusmods.com/morrowind/mods/46599,https://www.nexusmods.com/morrowind/mods/46599?tab=files&file_id=1000014601,1.04,"Atlas Smoothed BC Mushrooms patch https://www.nexusmods.com/morrowind/mods/46599?tab=files&file_id=1000014602 , Correct UV Diverse Ore Replacer patch in optional files"
Graphic Herbalism Patches and Replacers,https://www.nexusmods.com/morrowind/mods/46599?tab=files,,,
Dwemer Mesh Improvement,https://www.nexusmods.com/morrowind/mods/43101,https://www.nexusmods.com/morrowind/mods/43101?tab=files&file_id=1000008163,2017.07.15,
Dunmer Lanterns Replacer,https://www.nexusmods.com/morrowind/mods/43219,,,
Dunmer Lanterns Replacer Normal Mapped,https://www.nexusmods.com/morrowind/mods/52567,,,
RR Better Meshes,https://www.nexusmods.com/morrowind/mods/43266,https://www.nexusmods.com/morrowind/mods/43266?tab=files&file_id=1000017015,1.4,Dwemer meshes improvement & Optimised dunmer lanterns
Dwemer Mesh Improvemen - Revamped,https://www.nexusmods.com/morrowind/mods/51525,https://www.nexusmods.com/morrowind/mods/51525?tab=files&file_id=1000031954,1.1,
Rope Fence Fix,https://www.nexusmods.com/morrowind/mods/45741,,,
Subtle Smoke,https://www.nexusmods.com/morrowind/mods/47341,https://www.nexusmods.com/morrowind/mods/47341?tab=files&file_id=1000016396,0.1,
Dunmer Ashpits,https://www.nexusmods.com/morrowind/mods/47777,https://www.nexusmods.com/morrowind/mods/47777?tab=files&file_id=1000017845,1.1,
Transparent Shiny Bottles,https://www.nexusmods.com/morrowind/mods/47992,https://www.nexusmods.com/morrowind/mods/47992?tab=files&file_id=1000022711,3.71,
Better Waterfalls,https://www.nexusmods.com/morrowind/mods/45424,https://www.nexusmods.com/morrowind/mods/45424?tab=files&file_id=1000023318,2.0.1,
Watterfalls Tweaks,https://www.nexusmods.com/morrowind/mods/46271,https://www.nexusmods.com/morrowind/mods/46271?tab=files&file_id=1000013228,-,
Mistify,https://www.nexusmods.com/morrowind/mods/48112,https://www.nexusmods.com/morrowind/mods/48112?tab=files&file_id=1000023319,1.5,
Scum Retexture,https://www.nexusmods.com/morrowind/mods/42582,,,
Scummy Scum,https://www.nexusmods.com/morrowind/mods/45802,,,
PR Perfect Scum,https://www.nexusmods.com/morrowind/mods/51355,,,
Lava - Mold - Mud Caverns,https://www.nexusmods.com/morrowind/mods/50191,https://www.nexusmods.com/morrowind/mods/50191?tab=files&file_id=1000030920,2.6,
Lava-Mold-Mud Caverns Revamp PBR for OpenMW,https://www.nexusmods.com/morrowind/mods/52305,,,
Correct Iron Warhammer,https://www.nexusmods.com/morrowind/mods/43576,https://www.nexusmods.com/morrowind/mods/43576?tab=files&file_id=1000003655,1.0,
Swayland,https://www.nexusmods.com/morrowind/mods/48854,https://www.nexusmods.com/morrowind/mods/48854?tab=files&file_id=10000209266,0.1,
The Key Mod,https://www.nexusmods.com/morrowind/mods/45489,,,Names esp
OpenMW Dynamic Water Meshes,https://www.nexusmods.com/morrowind/mods/55392,,,
trav's OpenMW Books Enhanced,https://modding-openmw.gitlab.io/openmw-books-enhanced/,,,
HiRez Armors Native Styles V2 OpenMW,https://www.nexusmods.com/morrowind/mods/49595,https://www.nexusmods.com/morrowind/mods/49595?tab=files&file_id=1000026713,1.1,Set apply lighting to environment maps = true in the [Shaders] section of your settings.cfg file to fix shiny meshes
Enhanced Textures,https://www.nexusmods.com/morrowind/mods/46221,https://www.nexusmods.com/morrowind/mods/46221?tab=files&file_id=1000031079,5.2,Interface and main menu (OpenMW only) + Morrowind Enhanced Textures - Project Atlas
Morrowind Enhanced Textures Normal Mapped,https://www.nexusmods.com/morrowind/mods/52567,,,
Sotha Sil is a Dunmer,https://www.nexusmods.com/morrowind/mods/47839,,,
Chaos Heart - Main Menu Replacer,https://www.nexusmods.com/morrowind/mods/49329,,,
Vurt's Armors and Weapons Retexture,https://www.nexusmods.com/morrowind/mods/54153,,,
Vurt's Armors and Weapons Retexture - Normal Maps,https://www.nexusmods.com/morrowind/mods/54153,,,
Vurt's Armors and Weapons Retexture - Specular Maps for OpenMW,https://www.nexusmods.com/morrowind/mods/54153,,,
Skies .IV,https://www.nexusmods.com/morrowind/mods/43311,,,Read carefully: https://modding-openmw.com/mods/skies-iv/
New Starfields,https://www.nexusmods.com/morrowind/mods/43246,,,
AOF Potions,https://www.nexusmods.com/morrowind/mods/28916/,,,Fix folder structure Data Files/Textures
Dim Glass - less irritating glass armor and weapon,https://www.nexusmods.com/morrowind/mods/51544,,,
Mushroom Tree Replacer,https://www.nexusmods.com/morrowind/mods/45350,,,
Parasol Particles,https://www.nexusmods.com/morrowind/mods/47755,,,
Diverse Blood,https://www.nexusmods.com/morrowind/mods/45368,,,
Long Live The Limeware - Retexture,https://www.nexusmods.com/morrowind/mods/44045,,,
Long Live The Glassware - Retexture,https://www.nexusmods.com/morrowind/mods/44016,,,
Long Live The Plates - Retexture,https://www.nexusmods.com/morrowind/mods/43935,,,
Morrowind Swamp Trees,https://www.nexusmods.com/morrowind/mods/50151,,,
Graht Morrowind Swamp Trees Normal Mapped,https://www.nexusmods.com/morrowind/mods/52567,,,
Ket's Swirlwood Furniture Retextrue,https://www.nexusmods.com/morrowind/mods/45127,,,
Aesthesia Strongholds 2k,https://www.nexusmods.com/morrowind/mods/46445,,,
Bowled Ingredients,https://www.nexusmods.com/morrowind/mods/48291,,,
Ashmire Replacer,https://www.nexusmods.com/morrowind/mods/48291,,,
Silt Strider,https://www.nexusmods.com/morrowind/mods/48664,,,
SM BoneLord Replacer Overhaul,https://www.nexusmods.com/morrowind/mods/53841,,,
SM Bonewalker Replacer (Open MW),https://www.nexusmods.com/morrowind/mods/51030,,,
Daedric Ruins (Half-Revamped),https://www.nexusmods.com/morrowind/mods/51674,,,
Logs on Fire,https://www.nexusmods.com/morrowind/mods/51752,,,
LANDSCAPES,,,,
Tyddy's Landscape Retexture,https://www.fullrest.ru/files/tyd_landscape-texture_compilation_1/files,,-,
Landscape Retexture,https://www.nexusmods.com/morrowind/mods/42575,https://www.nexusmods.com/morrowind/mods/42575?tab=files&file_id=1000009041,2.5,"2K, OpenMW normalmap: https://www.nexusmods.com/morrowind/mods/42575?tab=files&file_id=1000015021"
LIGHTING,,,,
Glow in the Dahrk,https://www.nexusmods.com/morrowind/mods/45886,,,
Crystal Soul Gems,https://www.nexusmods.com/morrowind/mods/48300,,,
Visually Filled Soul Gems for OpenMW (Lua scripting) ENG and RU versions,https://www.nexusmods.com/morrowind/mods/54100,,,
Salts - High-res Glowmaps,https://www.nexusmods.com/morrowind/mods/47784,,,
Fireflies,https://www.nexusmods.com/morrowind/mods/51443,,,
6th house - Glowing Things,https://www.nexusmods.com/morrowind/mods/48764,,,
Lighted Dwemer Towers,https://www.nexusmods.com/morrowind/mods/51358,,,
Improved Lights for All Shaders,https://www.nexusmods.com/morrowind/mods/51463,,,Core only
ILFAS - Project Atlas Patch,https://www.nexusmods.com/morrowind/mods/55032,,,
OpenMW vanilla candles ILFAS && Enlightened Flames,https://www.nexusmods.com/morrowind/mods/54155,,,
INTERIOR OVERHAULS,,,,
Cavern of the Incarnate,https://www.nexusmods.com/morrowind/mods/42860,,,
High Art,https://www.nexusmods.com/morrowind/mods/47040,,,
High Art Normal Mapped,https://www.nexusmods.com/morrowind/mods/52567,,,
Vampire Clans - Clutter Overhaul,https://www.nexusmods.com/morrowind/mods/47259,,,
Atmospheric South Wall Cornerclub,https://www.nexusmods.com/morrowind/mods/49229,,,
Interiors of Solstheim,https://www.nexusmods.com/morrowind/mods/44451,,,
Interiors of Mournhold,https://www.nexusmods.com/morrowind/mods/44447,,,
The Magic Rock of Maar Gan,https://www.nexusmods.com/morrowind/mods/50763,,,
Uncharted Artifacts,https://www.nexusmods.com/morrowind/mods/49281,,,
OAAB Shipwrecks + Uncharted Artifacts & TR Patch,https://www.nexusmods.com/morrowind/mods/51364,,,
OAAB Vertical Shipwreck,https://www.nexusmods.com/morrowind/mods/52268,,,
OAAB Vertical Shipwreck Normal Mapped,https://www.nexusmods.com/morrowind/mods/52567,,,
Library of Vivec Enhanced,https://www.nexusmods.com/morrowind/mods/50181,,,
DUNGEON OVERHAULS,,,,
Andasreth Overhaulu,https://www.nexusmods.com/morrowind/mods/46604,,,
Shal Overgrown,https://www.nexusmods.com/morrowind/mods/47219,https://www.nexusmods.com/morrowind/mods/47219?tab=files&file_id=1000016772,1.05,
OAAB - Tombs and Towers,https://www.nexusmods.com/morrowind/mods/49131,https://www.nexusmods.com/morrowind/mods/49131?tab=files&file_id=1000032573,1.3b,
Mines and Caverns,https://www.nexusmods.com/morrowind/mods/44893,https://www.nexusmods.com/morrowind/mods/44893?tab=files&file_id=1000023271,6.2,
New Ilunibi,https://www.nexusmods.com/morrowind/mods/50393,https://www.nexusmods.com/morrowind/mods/50393?tab=files&file_id=1000029154,1.2,
New Ilunibi Normal Mapped,https://www.nexusmods.com/morrowind/mods/52567,,,
Berandas Overhaul,https://www.nexusmods.com/morrowind/mods/48236,https://www.nexusmods.com/morrowind/mods/48236?tab=files&file_id=1000023720,2.1,
Maren's Misfit Mabrigash,https://www.nexusmods.com/morrowind/mods/48709,https://www.nexusmods.com/morrowind/mods/48709?tab=files&file_id=1000032657,1.2.1,
Of Eggs and Dwarves (OpenMW),https://www.nexusmods.com/morrowind/mods/51171,https://www.nexusmods.com/morrowind/mods/51171?tab=files&file_id=1000031752,1.3,
The Vestige of Bethaleft,https://www.nexusmods.com/morrowind/mods/50663,https://www.nexusmods.com/morrowind/mods/50663?tab=files&file_id=1000028919,1.0,
Caverns Overhaul - Fixed and Improved,https://www.nexusmods.com/morrowind/mods/48683,https://www.nexusmods.com/morrowind/mods/48683?tab=files&file_id=1000022904,1.0,"Caverns Overhaul by Luigian - Individual mods (Fixed and Improved), Dubdilla Location Fix included"
Dagoth Ur Fleshed Out,https://www.nexusmods.com/morrowind/mods/54070,,,
Suran Sewers,https://www.nexusmods.com/morrowind/mods/51499,,,
Kogoruhn - Extinct City of Ash and Sulfur,https://www.nexusmods.com/morrowind/mods/51615,,,
The Woe of Indalen Tomb (BCOM),https://www.nexusmods.com/morrowind/mods/54661,,,
The Stone Halls of Solstheim - Reforged,https://www.nexusmods.com/morrowind/mods/49841,,,
Vennin's Hlaalu Ancestral Tomb,https://www.nexusmods.com/morrowind/mods/54556,,,
Vennin's Hlervi Tomb Overhaul,https://www.nexusmods.com/morrowind/mods/54568,,,
Seran Ancestral Tomb Overhaul,https://www.nexusmods.com/morrowind/mods/54918,,,
OAAB Greater Samarys Tomb,https://www.nexusmods.com/morrowind/mods/52781,,,
Superior Shulk Eggmine,https://www.nexusmods.com/morrowind/mods/53785,,,
Selfishness of the Sea,https://www.nexusmods.com/morrowind/mods/54523,,,
Dunmer Strongholds (VO),https://www.nexusmods.com/morrowind/mods/51194,,,Fix: https://www.nexusmods.com/morrowind/mods/51194?tab=files&file_id=1000039743
Undercity,https://www.nexusmods.com/morrowind/mods/54773,,,
Mamaea Awakened,https://www.nexusmods.com/morrowind/mods/46096,,,
Mamaea Awakened Normal Mapped,https://www.nexusmods.com/morrowind/mods/52567,,,
NEW DUNGEONS,,,,
Drethos Ancestral Tomb,https://www.nexusmods.com/morrowind/mods/53481,,,
From Wind Into Stone,https://www.nexusmods.com/morrowind/mods/54753,,,
Blackthorn Barrow,https://www.nexusmods.com/morrowind/mods/49232,,,
Caldera Priory and the Depths of Blood and Bone,https://www.nexusmods.com/morrowind/mods/52898,,,
EXTERIOR OVERHAULS,,,,
Meteorite Ministry,https://www.nexusmods.com/morrowind/mods/45506,https://www.nexusmods.com/morrowind/mods/45506?tab=files&file_id=1000009875,1.3,
Telvanni Lighthouse in Tel Vos,https://www.nexusmods.com/morrowind/mods/42744,https://www.nexusmods.com/morrowind/mods/42744?tab=files&file_id=1000015027,1.4.1,Insstall update file too
Shrine of Boethiah Expansion,https://www.nexusmods.com/morrowind/mods/49331,https://www.nexusmods.com/morrowind/mods/49331?tab=files&file_id=1000023058,1.0,
Shrine of Azura,https://www.nexusmods.com/morrowind/mods/48278,https://www.nexusmods.com/morrowind/mods/48278?tab=files&file_id=1000026468,1.0a,
OAAB - Foyada Mamaea,https://www.nexusmods.com/morrowind/mods/46424,https://www.nexusmods.com/morrowind/mods/46424?tab=files&file_id=1000031813,1.1,
Finding the Erabenimsun Ashlander Camp,https://www.nexusmods.com/morrowind/mods/49227,https://www.nexusmods.com/morrowind/mods/49227?tab=files&file_id=1000022585,1,BCOM Version
OAAB Dwemer Pavements,https://www.nexusmods.com/morrowind/mods/50237,https://www.nexusmods.com/morrowind/mods/50237?tab=files&file_id=1000027093,1.2,
Concept Art Palace (Vivec CIty),https://www.nexusmods.com/morrowind/mods/48136,https://www.nexusmods.com/morrowind/mods/48136?tab=files&file_id=1000028771,1.9.1,
Immersive Grotto Entrances (LMMCR & Mines and Caverns Patch),https://www.nexusmods.com/morrowind/mods/54014,,,LMMCR & Mines and Caverns Patch
Concept Arts plantations,https://www.nexusmods.com/morrowind/mods/50020,,,
Solstheim Tomb of the Snow Prince,https://www.nexusmods.com/morrowind/mods/46810,,,"VERSION 2.2.1, newer version not compatible with other mods and patches"
Sheogorad - Groves of the North,https://www.nexusmods.com/morrowind/mods/48240,,,
Justice for Khartag,https://www.nexusmods.com/morrowind/mods/49832,,,
Red Mountain Reborn,https://www.nexusmods.com/morrowind/mods/48669,,,
Caldera Mine Expanded - Simplified and bug-free,https://www.nexusmods.com/morrowind/mods/52840,,,
The StoneWood Pass Reworked,https://www.nexusmods.com/morrowind/mods/49464,,,
SHADERS,,,,
MOMW Post Processing Pack,https://modding-openmw.gitlab.io/momw-post-processing-pack,,,
OpenMW Distortion Effects,https://www.nexusmods.com/morrowind/mods/55027,,,
OpenMW Distortion Effects Patches,https://www.nexusmods.com/morrowind/mods/55032,,,"Amazing Atronachs Patch, Improved Lights for All Shaders Patch, Logs On Fire Patch"
Devilish Alcohol Overhaul,https://www.nexusmods.com/morrowind/mods/55038,,,
TOWNS & CITIES,,,,
Beautiful Cities of Morrowind,https://www.nexusmods.com/morrowind/mods/49231,,,
Beautiful Cities of Morrowind Normal Mapped,https://www.nexusmods.com/morrowind/mods/52567,,,
Nordic Dagon Fel,https://www.nexusmods.com/morrowind/mods/49603,,,
Nordic Dagon Fel NPCs,https://www.nexusmods.com/morrowind/mods/52390,,,
Ald'ruhn-under-Skar,https://www.nexusmods.com/morrowind/mods/50332,,,
GROUNDCOVER,,,,
Aesthesia Groundcover Reworked,https://www.nexusmods.com/morrowind/mods/52384,,,
NEEDS TO OVERWRITE,,,,
BCOM Patches,https://www.nexusmods.com/morrowind/mods/49231,,,
Animated Morrowind OpenMW Weapon Sheathing patch,https://www.nexusmods.com/morrowind/mods/53479,,,
Distant Fixes Lua Edition,https://modding-openmw.gitlab.io/distant-fixes-lua-edition/,,,
Delta-merged,,,,
Indoril Helm Override,https://www.dropbox.com/scl/fi/h5nu7usgqtacyed3bgw3e/Indoril-Helm-Override.7z?rlkey=zg5dnfmc5tpaxlu5izdc1hnky&st=679so34o&dl=0,,,
AdvancedCamera,https://gitlab.com/ptmikheev/openmw-lua-examples#advanced-camera,,,
TOOLS,,,,
Integrate OpenMW with Steam,https://steamcommunity.com/sharedfiles/filedetails/?id=2795823790,,,If you care about play time or screenshots on Steam
Kezyma's OpenMW Player for Mod Organizer 2,https://www.nexusmods.com/morrowind/mods/52345,,,Must have
Delta Plugin,https://gitlab.com/bmwinger/delta-plugin/-/releases,,,"Merge objects and leveled lists, very important."
PLOX - Load order sorter,https://www.nexusmods.com/morrowind/mods/54262?tab=description,,,Sort your load order and resolve conflicts.
NEW MODS,,,,I don't install mods mid playthrough but I would add some of those if I could
The Abecean Isles,https://github.com/mothpot/TES3A-Abecean-Isles,,,
Fair Care (OpenMW),https://www.nexusmods.com/morrowind/mods/55293,,,
Weapon Refinement Lua,https://www.nexusmods.com/morrowind/mods/54712,,,
OpenMW Farming,https://github.com/ComeBESNIER/OpenMW-Farming,,,
Levels and Limits,https://github.com/ChitinWarAxe/LevelsAndLimits,,,
Hunterwind (OpenMW Only),https://www.nexusmods.com/morrowind/mods/54808,,,
Solthas Combat Pack (OpenMW Lua),https://www.nexusmods.com/morrowind/mods/52221,,,
Robe of Moon and Star,https://www.nexusmods.com/morrowind/mods/52502,,,
Daggerfall Dungeon Map (OpenMW Lua),https://www.nexusmods.com/morrowind/mods/52334,,,
Harvest Lights,https://modding-openmw.gitlab.io/harvest-lights/,,,
OpenMW Enhanced Invisibility,https://gitlab.com/fallchildren/openmw-enhanced-invisibility,,,
Scalable Dwemer Puzzle Box Randomizer ,https://modding-openmw.gitlab.io/gonzos-scalable-dwemer-puzzle-box-randomizer/,,,
Go Home! - Locking Doors,https://modding-openmw.gitlab.io/go-home/locking-doors/,,,
Animated Levitation,https://gitlab.com/fallchildren/openmw-animated-levitation,,,
Skoomaesthesia OpenMW Port,https://gitlab.com/fallchildren/openmw-skoomaesthesia-port,,,https://www.nexusmods.com/morrowind/mods/49920
Sea Forts of Morrowind,https://www.nexusmods.com/morrowind/mods/54700,,,
Luamics - OpenMW Mimic Spawner,https://modding-openmw.gitlab.io/s3ctors-s3cret-st4sh/luamics/,,,
3rd Person Alt Attacks (ReAnimation plugin),https://gitlab.com/fallchildren/openmw-third-person-alt-attacks,,,
Turn Around- openmw lua,https://www.nexusmods.com/morrowind/mods/56011,,,
Fresh Loot (OpenMW),https://www.nexusmods.com/morrowind/mods/56005,,,
Imperial Magicka Regeneration (For OpenMW 0.49),https://www.nexusmods.com/morrowind/mods/53923,,,
Talking Trains Speechcraft-openmw lua,https://www.nexusmods.com/morrowind/mods/56078,,,
Vurt's Morrowind Visual Resurgence,https://www.nexusmods.com/morrowind/mods/56037?,,,
Ald'Ruhn Outskirts - Ancestral Refuge,https://www.nexusmods.com/morrowind/mods/55944,,,
Harder Better Faster Stronger (OpenMW),https://www.nexusmods.com/morrowind/mods/55542,,,
Netch Adamantium Armor Upscaled,https://www.nexusmods.com/morrowind/mods/56161,,,
OpenMW Upscaled Inventory Icons,https://www.nexusmods.com/morrowind/mods/56159,,,
Dwemer Legacy Reforged - Arkngthunch-Sturdumz,https://www.nexusmods.com/morrowind/mods/54807,,,
SM Sword of a Dead Hero,https://www.nexusmods.com/morrowind/mods/56050,,,
Limitless Storage for all Containers,https://www.nexusmods.com/morrowind/mods/55023,,,
Abb's Miscellaneous Items Renamed,https://www.nexusmods.com/morrowind/mods/56146,,,
Store Ingredients Ring (OpenMW),https://www.nexusmods.com/morrowind/mods/55309,,,
Corporeal Carryable Containers,https://www.nexusmods.com/morrowind/mods/53772,,,
The Wake of Hanin - Ibar-Dad Overhaul,https://www.nexusmods.com/morrowind/mods/56206,,,
Kumarahaz - The Bandit Lair,https://www.nexusmods.com/morrowind/mods/56192,,,
Better Merchants Skills OpenMW,https://gitlab.com/modding-openmw/better-merchants-skills-openmw,,,
Scalable Dwemer Puzzle Box Randomizer ,https://modding-openmw.gitlab.io/gonzos-scalable-dwemer-puzzle-box-randomizer/,,,
Camera Noise (OpenMW),https://www.dropbox.com/scl/fi/4tplw3wp00pgkhofqzevu/Camera-Noise.7z?rlkey=12m0jg2qygizndmcycjzkwc4b&st=06sivj53&dl=0,,,Adds a natural camera noise effect. Customize by editing values in cameranoise.lua file. https://imgur.com/a/2AwQ3R3 Made by Epoch on OpenMW discord server.
OPENMW - Chim Climbing,https://modding-openmw.gitlab.io/s3ctors-s3cret-st4sh/chim_climbing/,https://www.nexusmods.com/morrowind/mods/56296,,
OMW Achievements,https://caz1que.gitlab.io/omw-achievements/,https://www.nexusmods.com/morrowind/mods/56298,,
AFFresh,https://www.nexusmods.com/morrowind/mods/53006,,,
AFFresh - Fully Voiced,https://www.nexusmods.com/morrowind/mods/56331,,,
Custom Spell Hotkeys for OpenMW,https://www.nexusmods.com/morrowind/mods/56350,,,
Oblivion-Style Lockpicking (OpenMW),https://www.nexusmods.com/morrowind/mods/56355,,,
Portable Autosorter (OpenMW 0.49),https://www.nexusmods.com/morrowind/mods/53703,,,
Dodge (OpenMW),https://www.nexusmods.com/morrowind/mods/56414,,,
OpenMWLuaPhysics,https://github.com/MaxYari/OpenMWLuaPhysics,,,
Aetherwind,https://www.nexusmods.com/morrowind/mods/56459,,,
Aether Pirate's Discovery,https://www.nexusmods.com/morrowind/mods/53320,,,
Devilish Needs (OpenMW 0.49),https://www.nexusmods.com/morrowind/mods/56480,,,
UI modes,https://modding-openmw.gitlab.io/ui-modes/,,,
OpenMW Dynamic Ambient Visual Effects,https://www.nexusmods.com/morrowind/mods/55572,,,
RUN!,https://modding-openmw.gitlab.io/run/,,,
Immersive Travel OpenMW,https://gitlab.com/gbtb/immersive-travel-openmw,,,
Shields Up (OpenMW),https://www.nexusmods.com/morrowind/mods/56478,,,
OpenMW Quest Menu,https://www.nexusmods.com/morrowind/mods/56273,,,
S3maphore - OpenMW Music Management from the Future,https://www.nexusmods.com/morrowind/mods/56836,,,
Potion Thrower for OpenMW,https://www.nexusmods.com/morrowind/mods/56825,,,
Zerkish Hotkeys Improved (For OpenMW),https://www.nexusmods.com/morrowind/mods/56583,,,
SM Masque Clavicus Vile Replacer,https://www.nexusmods.com/morrowind/mods/56897,,,
omnipresence (openmw),https://www.nexusmods.com/morrowind/mods/56867,,,
Bardcraft (OpenMW),https://www.nexusmods.com/morrowind/mods/56814,,,
Boss Overhaul - Dagoth Ur,https://www.nexusmods.com/morrowind/mods/56809,,,
Building Up Uvirith's Grave v1.0 - 2025 Big Fixes,https://www.nexusmods.com/morrowind/mods/56736,,,
Zerkish AutoSave (For OpenMW),https://www.nexusmods.com/morrowind/mods/56718,,,
Stacked Stats Window for OpenMW,https://www.nexusmods.com/morrowind/mods/56639,,,
OpenMW Full Body Awareness,https://www.nexusmods.com/morrowind/mods/56625,,,
Sorry We're Closed - Nighttime Service Refusal,https://www.nexusmods.com/morrowind/mods/56629,,,
Lucid Disturbing Dreams,https://www.nexusmods.com/morrowind/mods/55705,,,
Hit Reactions Animated -- OpenMW,https://www.nexusmods.com/morrowind/mods/56594,,,
(OpenMW 0.49) Pickpocket Overhaul for QuickLoot,https://www.nexusmods.com/morrowind/mods/56596,,,
Lua Physics Engine -- OpenMW,https://www.nexusmods.com/morrowind/mods/56589,,,
voshond's MapKey (OpenMW),https://www.nexusmods.com/morrowind/mods/56533,,,
OpenMW Fortify Health Fix,https://www.nexusmods.com/morrowind/mods/56523,,,
OpenMW Fortify Nerf,https://www.nexusmods.com/morrowind/mods/56524,,,
Analog Film Shaders for OpenMW,https://www.nexusmods.com/morrowind/mods/56507,,,
Rhymer's Lockpicks,https://www.nexusmods.com/morrowind/mods/56502,,,
Tamriel Rebuilt - Grasping Fortune - Fully Voiced,https://www.nexusmods.com/morrowind/mods/56488,,,
Thirty-Six - Playable Dice Game,https://www.nexusmods.com/morrowind/mods/56475,,,
Torch Hotkey for OpenMW 0.49,https://www.nexusmods.com/morrowind/mods/56995,,,
(OpenMW 0.49) EasySpeechcraft,https://www.nexusmods.com/morrowind/mods/57054?tab=description,,,
(OpenMW 0.49) Fix Mercantile Exploit,https://www.nexusmods.com/morrowind/mods/57047,,,
(OpenMW 0.49) EasyHarvest,https://www.nexusmods.com/morrowind/mods/57039,,,
Place Stacks,https://www.nexusmods.com/morrowind/mods/57067,,,
Zoom To See (OpenMW 0.49),https://www.nexusmods.com/morrowind/mods/57046,,,
Photo Mode for OpenMW 0.49,https://www.nexusmods.com/morrowind/mods/57040,,,
Alternative Dwemer Plans And Schematics,https://www.nexusmods.com/morrowind/mods/57045,,,
SM Greater Bonewalker Replacer Overhaul,https://www.nexusmods.com/morrowind/mods/57071,,,
 S3LightFixes,https://github.com/magicaldave/S3LightFixes/releases,,,
(OpenMW 0.49) Disenchanting,https://www.nexusmods.com/morrowind/mods/57068,,,
The Dark Project,https://gitlab.com/modding-openmw/thedarkproject,,,
Burglary Overhaul,https://www.nexusmods.com/morrowind/mods/56965,,,
Actors Can Overcome Obstacles (OpenMW),https://www.nexusmods.com/morrowind/mods/57167,,,
(OpenMW) Simply Mining,https://www.nexusmods.com/morrowind/mods/57177,,,
Truly Constant Effects (OpenMW),https://www.nexusmods.com/morrowind/mods/57175,,,
Smooth Zoom ( OpenMW ),https://www.nexusmods.com/morrowind/mods/57116,,,
Radiant Theft Quests,https://www.nexusmods.com/morrowind/mods/57149,,,
(OpenMW) Crafting Framework,https://www.nexusmods.com/morrowind/mods/57247,,,
(OpenMW) Simply Crafting,https://www.nexusmods.com/morrowind/mods/57248,,,
Poison Weapons (openMW),https://www.nexusmods.com/morrowind/mods/57257,,,
Better Potion Icons (OpenMW),https://www.nexusmods.com/morrowind/mods/57278,,,
Better Scroll Icons (OpenMW),https://www.nexusmods.com/morrowind/mods/57260,,,
Ebonheart Underworks - Fully Voiced,https://www.nexusmods.com/morrowind/mods/57227,,,
Skyrim Home of the Nords - Fully Voiced,https://www.nexusmods.com/morrowind/mods/57346,,,
Disable Vanity Camera (OpenMW edition),https://www.nexusmods.com/morrowind/mods/58101,,,
Actor Interactions - OpenMW,https://www.nexusmods.com/morrowind/mods/57955,,,
HUD Weapon Charge (For OpenMW),https://www.nexusmods.com/morrowind/mods/57856,,,
Loadouts - OpenMW,https://www.nexusmods.com/morrowind/mods/57845,,,
Of Bead and Feather (OpenMW),https://www.nexusmods.com/morrowind/mods/57782,,,
Stats Window Extender (OpenMW),https://www.nexusmods.com/morrowind/mods/57727,,,
Urnlings,https://www.nexusmods.com/morrowind/mods/56785,,,
QuickSelect Ultimate - OpenMW (Full Gamepad - Keyboard - Mouse support),https://www.nexusmods.com/morrowind/mods/57590,,,
Daedra Use Bound Equipment for OpenMW,https://www.nexusmods.com/morrowind/mods/57698,,,
Soulless Summons,https://www.nexusmods.com/morrowind/mods/57706,,,
Spells Bookmarks - OpenMW,https://www.nexusmods.com/morrowind/mods/57501,,,
Balmora - A Modern Font Replacer,https://www.nexusmods.com/morrowind/mods/57343,,,
Smart Interface Menu Opening (SIMO) - Open MW,https://www.nexusmods.com/morrowind/mods/57140,,,
Show Gold Amount (SGA) - Open MW,https://www.nexusmods.com/morrowind/mods/57105,,,
(OpenMW) Better Elemental Shields,https://www.nexusmods.com/morrowind/mods/57915,,,
(OpenMW) Combat360,https://www.nexusmods.com/morrowind/mods/57853,,,
(OpenMW) Leave The Lights Off,https://www.nexusmods.com/morrowind/mods/57510,,,
(OpenMW) Until Healed Fix,https://www.nexusmods.com/morrowind/mods/57508,,,
(OpenMW) Worthless soulgems,https://www.nexusmods.com/morrowind/mods/57073,,,
(OpenMW) Fitting Soulgems,https://www.nexusmods.com/morrowind/mods/57405,,,
(OpenMW) Pure Lua Multi Mark,https://www.nexusmods.com/morrowind/mods/57313,,,
(OpenMW) Simply Crafting,https://www.nexusmods.com/morrowind/mods/57248,,,
(OpenMW) Crafting Framework,https://www.nexusmods.com/morrowind/mods/57247,,,
SimplyCrafting Jewelry and Transmuting,https://www.nexusmods.com/morrowind/mods/57240,,,
(OpenMW) Crafting Framework - Crafting Materials,https://www.nexusmods.com/morrowind/mods/57687,,,
(OpenMW) Crafting Framework - Nordic And Stalhrim,https://www.nexusmods.com/morrowind/mods/57681,,,
Crafting the Dwemer Armor of the Wastelands,https://www.nexusmods.com/morrowind/mods/57537,,,
SM Dwemer Armor of Wastelands,https://www.nexusmods.com/morrowind/mods/57517,,,
SM Masque Clavicus Vile Replacer,https://www.nexusmods.com/morrowind/mods/56897,,,
Crafting the Telvanni Magister Robes,https://www.nexusmods.com/morrowind/mods/57296,,,
Dubious Miscellaneous Crafting Assemblage - for OpenMW Crafting Framework,https://www.nexusmods.com/morrowind/mods/57565,,,